{
  "ADANIENT": {
    "status": "\u2705",
    "test_rmse": 0.0258,
    "test_corr": 0.02,
    "test_dir_acc": 47.09,
    "conformal_half_width": 0.03470720989903823,
    "empirical_coverage": 0.8936708860759494,
    "cusum_h": 5.0
  },
  "ADANIPORTS": {
    "status": "\u2705",
    "test_rmse": 0.0197,
    "test_corr": -0.066,
    "test_dir_acc": 48.35,
    "conformal_half_width": 0.028988569974899292,
    "empirical_coverage": 0.9063291139240506,
    "cusum_h": 5.0
  },
  "APOLLOHOSP": {
    "status": "\u2705",
    "test_rmse": 0.013,
    "test_corr": -0.052,
    "test_dir_acc": 51.9,
    "conformal_half_width": 0.022924050717108745,
    "empirical_coverage": 0.9367088607594937,
    "cusum_h": 5.0
  },
  "BAJAJ-AUTO": {
    "status": "\u2705",
    "test_rmse": 0.0149,
    "test_corr": -0.003,
    "test_dir_acc": 51.9,
    "conformal_half_width": 0.0249928062129293,
    "empirical_coverage": 0.8987341772151899,
    "cusum_h": 5.0
  },
  "BAJFINANCE": {
    "status": "\u2705",
    "test_rmse": 0.018,
    "test_corr": -0.0,
    "test_dir_acc": 46.33,
    "conformal_half_width": 0.023670776052220822,
    "empirical_coverage": 0.8582278481012658,
    "cusum_h": 5.0
  },
  "CIPLA": {
    "status": "\u2705",
    "test_rmse": 0.0134,
    "test_corr": -0.019,
    "test_dir_acc": 49.37,
    "conformal_half_width": 0.021946273195713305,
    "empirical_coverage": 0.8936708860759494,
    "cusum_h": 5.0
  },
  "DIVISLAB": {
    "status": "\u2705",
    "test_rmse": 0.0157,
    "test_corr": 0.122,
    "test_dir_acc": 49.37,
    "conformal_half_width": 0.025604694599503187,
    "empirical_coverage": 0.8911392405063291,
    "cusum_h": 5.0
  },
  "EICHERMOT": {
    "status": "\u2705",
    "test_rmse": 0.0167,
    "test_corr": 0.032,
    "test_dir_acc": 51.14,
    "conformal_half_width": 0.02553381739647558,
    "empirical_coverage": 0.8911392405063291,
    "cusum_h": 5.0
  },
  "GRASIM": {
    "status": "\u2705",
    "test_rmse": 0.0142,
    "test_corr": -0.04,
    "test_dir_acc": 49.37,
    "conformal_half_width": 0.021969668945382693,
    "empirical_coverage": 0.8860759493670886,
    "cusum_h": 5.0
  },
  "INDUSINDBK": {
    "status": "\u2705",
    "test_rmse": 0.025,
    "test_corr": 0.077,
    "test_dir_acc": 49.61,
    "conformal_half_width": 0.023891483046912028,
    "empirical_coverage": 0.8120104438642297,
    "cusum_h": 5.0
  },
  "JSWSTEEL": {
    "status": "\u2705",
    "test_rmse": 0.0155,
    "test_corr": -0.01,
    "test_dir_acc": 48.3,
    "conformal_half_width": 0.02514803212612634,
    "empirical_coverage": 0.8981723237597912,
    "cusum_h": 5.0
  },
  "NESTLEIND": {
    "status": "\u2705",
    "test_rmse": 0.0125,
    "test_corr": 0.062,
    "test_dir_acc": 53.26,
    "conformal_half_width": 0.01983039874301411,
    "empirical_coverage": 0.9086161879895561,
    "cusum_h": 5.0
  },
  "SUNPHARMA": {
    "status": "\u2705",
    "test_rmse": 0.013,
    "test_corr": 0.0,
    "test_dir_acc": 51.9,
    "conformal_half_width": 0.018651601617333247,
    "empirical_coverage": 0.8632911392405064,
    "cusum_h": 5.0
  },
  "TATASTEEL": {
    "status": "\u2705",
    "test_rmse": 0.0181,
    "test_corr": -0.029,
    "test_dir_acc": 51.96,
    "conformal_half_width": 0.0254240296635164,
    "empirical_coverage": 0.8668407310704961,
    "cusum_h": 5.0
  },
  "TITAN": {
    "status": "\u2705",
    "test_rmse": 0.0147,
    "test_corr": 0.026,
    "test_dir_acc": 49.62,
    "conformal_half_width": 0.020303719577753,
    "empirical_coverage": 0.8886075949367088,
    "cusum_h": 5.0
  }
}