{
  "ADANIENT": {
    "status": "\u2705",
    "test_rmse": 0.0264,
    "test_corr": -0.014,
    "test_dir_acc": 44.2,
    "conformal_half_width": 0.04999703064440395,
    "empirical_coverage": 0.967654986522911,
    "cusum_h": 5.0
  },
  "ADANIPORTS": {
    "status": "\u2705",
    "test_rmse": 0.0227,
    "test_corr": -0.016,
    "test_dir_acc": 46.09,
    "conformal_half_width": 0.03345051070429243,
    "empirical_coverage": 0.9326145552560647,
    "cusum_h": 5.0
  },
  "APOLLOHOSP": {
    "status": "\u2705",
    "test_rmse": 0.0128,
    "test_corr": -0.028,
    "test_dir_acc": 52.56,
    "conformal_half_width": 0.023670776920378046,
    "empirical_coverage": 0.9460916442048517,
    "cusum_h": 5.0
  },
  "ASIANPAINT": {
    "status": "\u2705",
    "test_rmse": 0.0135,
    "test_corr": -0.061,
    "test_dir_acc": 44.2,
    "conformal_half_width": 0.01721687086749912,
    "empirical_coverage": 0.8544474393530997,
    "cusum_h": 5.0
  },
  "BAJAJ-AUTO": {
    "status": "\u2705",
    "test_rmse": 0.0159,
    "test_corr": 0.02,
    "test_dir_acc": 50.94,
    "conformal_half_width": 0.022424381873959467,
    "empirical_coverage": 0.8814016172506739,
    "cusum_h": 5.0
  },
  "BAJFINANCE": {
    "status": "\u2705",
    "test_rmse": 0.1212,
    "test_corr": 0.087,
    "test_dir_acc": 54.27,
    "conformal_half_width": 0.024838243254534795,
    "empirical_coverage": 0.9118457300275482,
    "cusum_h": 5.0
  },
  "BHARTIARTL": {
    "status": "\u2705",
    "test_rmse": 0.0138,
    "test_corr": -0.042,
    "test_dir_acc": 48.52,
    "conformal_half_width": 0.019062839900306612,
    "empirical_coverage": 0.8571428571428571,
    "cusum_h": 5.0
  },
  "CIPLA": {
    "status": "\u2705",
    "test_rmse": 0.0137,
    "test_corr": -0.002,
    "test_dir_acc": 51.48,
    "conformal_half_width": 0.021957176825347934,
    "empirical_coverage": 0.894878706199461,
    "cusum_h": 5.0
  },
  "DIVISLAB": {
    "status": "\u2705",
    "test_rmse": 0.0168,
    "test_corr": -0.108,
    "test_dir_acc": 50.13,
    "conformal_half_width": 0.02316851688503737,
    "empirical_coverage": 0.8544474393530997,
    "cusum_h": 5.0
  },
  "DRREDDY": {
    "status": "\u2705",
    "test_rmse": 0.0844,
    "test_corr": -0.042,
    "test_dir_acc": 45.28,
    "conformal_half_width": 0.01906547365544459,
    "empirical_coverage": 0.8840970350404312,
    "cusum_h": 5.0
  },
  "EICHERMOT": {
    "status": "\u2705",
    "test_rmse": 0.015,
    "test_corr": -0.007,
    "test_dir_acc": 50.4,
    "conformal_half_width": 0.024824393406068537,
    "empirical_coverage": 0.9191374663072777,
    "cusum_h": 5.0
  },
  "GRASIM": {
    "status": "\u2705",
    "test_rmse": 0.0136,
    "test_corr": 0.021,
    "test_dir_acc": 53.37,
    "conformal_half_width": 0.019761189979041683,
    "empirical_coverage": 0.8733153638814016,
    "cusum_h": 5.0
  },
  "ICICIBANK": {
    "status": "\u2705",
    "test_rmse": 0.0114,
    "test_corr": 0.054,
    "test_dir_acc": 50.13,
    "conformal_half_width": 0.016563653202873032,
    "empirical_coverage": 0.8921832884097035,
    "cusum_h": 5.0
  },
  "INDUSINDBK": {
    "status": "\u2705",
    "test_rmse": 0.0274,
    "test_corr": 0.044,
    "test_dir_acc": 47.71,
    "conformal_half_width": 0.027165799564870217,
    "empirical_coverage": 0.9056603773584906,
    "cusum_h": 5.0
  },
  "JSWSTEEL": {
    "status": "\u2705",
    "test_rmse": 0.0156,
    "test_corr": 0.003,
    "test_dir_acc": 50.4,
    "conformal_half_width": 0.02387501195454694,
    "empirical_coverage": 0.8733153638814016,
    "cusum_h": 5.0
  },
  "NESTLEIND": {
    "status": "\u2705",
    "test_rmse": 0.0389,
    "test_corr": -0.023,
    "test_dir_acc": 52.02,
    "conformal_half_width": 0.020915611835342206,
    "empirical_coverage": 0.921832884097035,
    "cusum_h": 5.0
  },
  "SUNPHARMA": {
    "status": "\u2705",
    "test_rmse": 0.0129,
    "test_corr": -0.069,
    "test_dir_acc": 51.48,
    "conformal_half_width": 0.017720747603520225,
    "empirical_coverage": 0.8706199460916442,
    "cusum_h": 5.0
  },
  "TATASTEEL": {
    "status": "\u2705",
    "test_rmse": 0.0183,
    "test_corr": -0.037,
    "test_dir_acc": 48.79,
    "conformal_half_width": 0.02440926365333426,
    "empirical_coverage": 0.8787061994609164,
    "cusum_h": 5.0
  },
  "TITAN": {
    "status": "\u2705",
    "test_rmse": 0.0139,
    "test_corr": -0.042,
    "test_dir_acc": 50.94,
    "conformal_half_width": 0.018824581729594586,
    "empirical_coverage": 0.8598382749326146,
    "cusum_h": 5.0
  },
  "ULTRACEMCO": {
    "status": "\u2705",
    "test_rmse": 0.014,
    "test_corr": -0.069,
    "test_dir_acc": 46.9,
    "conformal_half_width": 0.019774225367248217,
    "empirical_coverage": 0.8706199460916442,
    "cusum_h": 5.0
  }
}