{
  "ADANIENT": {
    "status": "\u2705",
    "test_rmse": 0.0258,
    "test_corr": -0.001,
    "test_dir_acc": 47.09,
    "conformal_half_width": 0.03456870944896325,
    "empirical_coverage": 0.8886075949367088,
    "cusum_h": 5.0
  },
  "ADANIPORTS": {
    "status": "\u2705",
    "test_rmse": 0.0197,
    "test_corr": 0.033,
    "test_dir_acc": 48.86,
    "conformal_half_width": 0.028747747827151098,
    "empirical_coverage": 0.9063291139240506,
    "cusum_h": 5.0
  },
  "APOLLOHOSP": {
    "status": "\u2705",
    "test_rmse": 0.013,
    "test_corr": 0.021,
    "test_dir_acc": 53.67,
    "conformal_half_width": 0.022837067193110582,
    "empirical_coverage": 0.9367088607594937,
    "cusum_h": 5.0
  },
  "ASIANPAINT": {
    "status": "\u2705",
    "test_rmse": 0.014,
    "test_corr": 0.084,
    "test_dir_acc": 47.85,
    "conformal_half_width": 0.017952515001451303,
    "empirical_coverage": 0.8278481012658228,
    "cusum_h": 5.0
  },
  "AXISBANK": {
    "status": "\u2705",
    "test_rmse": 0.0146,
    "test_corr": 0.036,
    "test_dir_acc": 50.13,
    "conformal_half_width": 0.02186448561018191,
    "empirical_coverage": 0.8784810126582279,
    "cusum_h": 5.0
  },
  "BAJAJ-AUTO": {
    "status": "\u2705",
    "test_rmse": 0.0149,
    "test_corr": 0.063,
    "test_dir_acc": 50.38,
    "conformal_half_width": 0.024902764197230944,
    "empirical_coverage": 0.8936708860759494,
    "cusum_h": 5.0
  },
  "BAJFINANCE": {
    "status": "\u2705",
    "test_rmse": 0.0177,
    "test_corr": 0.118,
    "test_dir_acc": 51.14,
    "conformal_half_width": 0.023546996720248674,
    "empirical_coverage": 0.8658227848101265,
    "cusum_h": 5.0
  },
  "BHARTIARTL": {
    "status": "\u2705",
    "test_rmse": 0.0132,
    "test_corr": -0.075,
    "test_dir_acc": 48.86,
    "conformal_half_width": 0.02061739181012369,
    "empirical_coverage": 0.8911392405063291,
    "cusum_h": 5.0
  },
  "CIPLA": {
    "status": "\u2705",
    "test_rmse": 0.0134,
    "test_corr": 0.065,
    "test_dir_acc": 49.62,
    "conformal_half_width": 0.021948761689632678,
    "empirical_coverage": 0.8936708860759494,
    "cusum_h": 5.0
  },
  "DIVISLAB": {
    "status": "\u2705",
    "test_rmse": 0.0158,
    "test_corr": 0.021,
    "test_dir_acc": 50.89,
    "conformal_half_width": 0.025520704185523962,
    "empirical_coverage": 0.8911392405063291,
    "cusum_h": 5.0
  },
  "DRREDDY": {
    "status": "\u274c ensemble failed"
  },
  "EICHERMOT": {
    "status": "\u2705",
    "test_rmse": 0.0167,
    "test_corr": 0.0,
    "test_dir_acc": 51.39,
    "conformal_half_width": 0.025548587472835168,
    "empirical_coverage": 0.8911392405063291,
    "cusum_h": 5.0
  },
  "GRASIM": {
    "status": "\u2705",
    "test_rmse": 0.0141,
    "test_corr": 0.056,
    "test_dir_acc": 49.11,
    "conformal_half_width": 0.02215443888140209,
    "empirical_coverage": 0.8886075949367088,
    "cusum_h": 5.0
  },
  "ICICIBANK": {
    "status": "\u2705",
    "test_rmse": 0.0116,
    "test_corr": -0.055,
    "test_dir_acc": 46.33,
    "conformal_half_width": 0.017839854753335115,
    "empirical_coverage": 0.8962025316455696,
    "cusum_h": 5.0
  },
  "INDUSINDBK": {
    "status": "\u2705",
    "test_rmse": 0.025,
    "test_corr": -0.05,
    "test_dir_acc": 50.65,
    "conformal_half_width": 0.023810127560370275,
    "empirical_coverage": 0.814621409921671,
    "cusum_h": 5.0
  },
  "JSWSTEEL": {
    "status": "\u2705",
    "test_rmse": 0.0156,
    "test_corr": -0.017,
    "test_dir_acc": 50.13,
    "conformal_half_width": 0.025370776813778802,
    "empirical_coverage": 0.8955613577023499,
    "cusum_h": 5.0
  },
  "LT": {
    "status": "\u2705",
    "test_rmse": 0.016,
    "test_corr": 0.03,
    "test_dir_acc": 47.59,
    "conformal_half_width": 0.022586035348361518,
    "empirical_coverage": 0.8886075949367088,
    "cusum_h": 5.0
  },
  "NESTLEIND": {
    "status": "\u2705",
    "test_rmse": 0.0125,
    "test_corr": 0.082,
    "test_dir_acc": 49.09,
    "conformal_half_width": 0.019844805768280054,
    "empirical_coverage": 0.9112271540469974,
    "cusum_h": 5.0
  },
  "SUNPHARMA": {
    "status": "\u2705",
    "test_rmse": 0.013,
    "test_corr": -0.033,
    "test_dir_acc": 51.9,
    "conformal_half_width": 0.018524951107686545,
    "empirical_coverage": 0.8607594936708861,
    "cusum_h": 5.0
  },
  "TATASTEEL": {
    "status": "\u2705",
    "test_rmse": 0.018,
    "test_corr": -0.051,
    "test_dir_acc": 45.43,
    "conformal_half_width": 0.025508700731373332,
    "empirical_coverage": 0.8772845953002611,
    "cusum_h": 5.0
  },
  "TITAN": {
    "status": "\u2705",
    "test_rmse": 0.0146,
    "test_corr": -0.073,
    "test_dir_acc": 49.62,
    "conformal_half_width": 0.021306915199242268,
    "empirical_coverage": 0.9037974683544304,
    "cusum_h": 5.0
  }
}